{
    "Welcome to Chinar": "Bienvenue à Chinar",
    "Kashmiri wazwaan is being served": "la nourriture est servie",
    "Hours & Location":"Heures et emplacement",
    "Menu": "Menu",
    "Application Form":"Formulaire de demande",
    "Telephone No.":"Numéro de téléphone",
    "Gender":"Le genre",
    "Male": "Mâle",
    "Female":"Femelle",
    "Prefer not to say":"Je préfère ne pas le dire",
    "WCG -- HTML5 Internationalization Example": "WCG - Exemple d'internationalisation HTML5"
}
