[{"name":"Rogan Josh","price":"₹50","description":"Rogan Josh Description"},{"name":"Dum Aloo","price":"₹15","description":"Dum Aloo Description"},{"name":"Haakh","price":"₹10","description":"Haakh Description"},{"name":"Nadir Monji","price":"₹10","description":"Kashmiri Snack"},[{"name":"Dum Aloo","description":"Dum Aloo Description","price":"₹15"}],[{"name":"Haakh","description":"Haakh Description","price":"₹10"},{"name":"Dum Aloo","description":"Dum Aloo Description","price":"₹15"}],[{"name":"Nadir Monji","description":"Kashmiri Snack","price":"₹10"},{"name":"Haakh","description":"Haakh Description","price":"₹10"}],[{"name":"Dum Aloo","description":"Dum Aloo Description","price":"₹15"}],[{"name":"Dum Aloo","description":"Dum Aloo Description","price":"₹15"},{"name":"Haakh","description":"Haakh Description","price":"₹10"}],[{"name":"Dum Aloo","description":"Dum Aloo Description","price":"₹15"}],[{"name":"Haakh","description":"Haakh Description","price":"₹10"}],[{"name":"Haakh","description":"Haakh Description","price":"₹10"}],[{"name":"Dum Aloo","description":"Dum Aloo Description","price":"₹15"}],[{"name":"Nadir Monji","description":"Kashmiri Snack","price":"₹10"},{"name":"Dum Aloo","description":"Dum Aloo Description","price":"₹15"},{"name":"Rogan Josh","description":"Rogan Josh Description","price":"₹50"}],[{"name":"vinayak aloo","description":"vin aloo","price":"20"},{"name":"Dum Aloo","description":"Dum Aloo Description","price":"₹15"},{"name":"Haakh","description":"Haakh Description","price":"₹10"}],[{"name":"Nadir Monji","description":"Kashmiri Snack","price":"₹10"},{"name":"vinayak","description":"vinayak","price":"2500"}]]