[{"name":"Nadir Mounji","description":"Lotus Stem with boiled Kohlrabi - Side","price":"130"},{"name":"Paalak Csaman ","description":"Spinach with Cottage Cheese - Side","price":"140"},{"name":"Dumm Aloo","description":"Deep Fried potato balls - Side","price":"170"},{"name":"Kashmiri Saag","description":"Creamy delight - Side","price":"140"},{"name":"Basmati Rice","description":"Hot and steamy - Main","price":"80"},{"name":"Tandoori Naan","description":"Baked yeast bread - Main","price":"30"},{"name":"Boondi Raita","description":"Curd with sprinkles of fried chickpea flour and spices - Side","price":"80"},{"name":"Sevaiyan Kheer","description":"Sweet and creamy, a mixture of milk and dry fruits with soft and silky noodles - Desert","price":"90"},{"name":"Falooda","description":"cold drink made with noodles - Desert","price":"110"},{"name":"Kulfi","description":"Ice cold milk Lolipop - Desert","price":"40"},{"name":"test dish","description":"very testi","price":"40"}]