[{"orderNumber":"198282","personName":"Vikram Razdan","personAddress":"625362 Mumbai","items":[{"name":"sadasf","description":"My description","price":"20","quantity":"1"}]},{"orderNumber":539793,"personName":"Vikram","personAddress":"Address","items":[{"name":"nadir mounji ","description":"snacks ","price":"20 ","quantity":"10"},{"name":"dum aloo ","description":"main course ","price":"10 ","quantity":"1"}]},{"orderNumber":124709,"personName":"Test","personAddress":"TEST","items":[{"name":"nadir mounji ","description":"snacks ","price":"20 ","quantity":"13"}]},{"orderNumber":838893,"personName":"ss","personAddress":"ss","items":[{"name":"nadir mounji ","description":"snacks ","price":"20 ","quantity":"10"},{"name":"dum aloo ","description":"main course ","price":"10 ","quantity":"10"}]}]